region,avg_business_days_by_region,total_sales_by_region,order_count_by_region
Северный,6.473684210526316,794176,38
Южный,6.447368421052632,3303480,38
Центральный,6.2682926829268295,6860550,41
Западный,6.225,6097345,40
Восточный,6.186046511627907,5165800,43
